<?xml version="1.0" encoding="UTF-8" standalone="yes" ?><cp:coreProperties xmlns:cp="http://schemas.openxmlformats.org/package/2006/metadata/core-properties" xmlns:dc="http://purl.org/dc/elements/1.1/" xmlns:dcmitype="http://purl.org/dc/dcmitype/" xmlns:dcterms="http://purl.org/dc/terms/" xmlns:xsi="http://www.w3.org/2001/XMLSchema-instance"><cp:category>model</cp:category><dcterms:created xsi:type="dcterms:W3CDTF">2018-12-27T17:13:08Z</dcterms:created><dc:creator>Jared</dc:creator><cp:lastModifiedBy>Jared</cp:lastModifiedBy><dcterms:modified xsi:type="dcterms:W3CDTF">2018-12-29T23:33:27Z</dcterms:modified><cp:revision>1.17</cp:revision><cp:version>R2018b</cp:version></cp:coreProperties>