<?xml version="1.0" encoding="utf-8"?>
<GraphicalInterface>
  <P Name="NumRootInports">0</P>
  <P Name="NumRootOutports">0</P>
  <P Name="ParameterArgumentNames"/>
  <P Name="NumModelReferences">0</P>
  <P Name="NumTestPointedSignals">3</P>
  <TestPointedSignal>
    <P Name="SignalName"/>
    <P Name="FullBlockPath">$bdroot/Simulation/Abort Trigger</P>
    <P Name="LogSignal">1</P>
    <P Name="MaxPoints">5000</P>
    <P Name="Decimation">2</P>
  </TestPointedSignal>
  <TestPointedSignal>
    <P Name="SignalName"/>
    <P Name="FullBlockPath">$bdroot/Simulation/Balloon Dynamics</P>
    <P Name="LogSignal">1</P>
    <P Name="MaxPoints">5000</P>
    <P Name="Decimation">2</P>
  </TestPointedSignal>
  <TestPointedSignal>
    <P Name="SignalName"/>
    <P Name="FullBlockPath">$bdroot/Simulation/Trig A</P>
    <P Name="LogSignal">1</P>
    <P Name="MaxPoints">5000</P>
    <P Name="Decimation">2</P>
  </TestPointedSignal>
  <P Name="NumProvidedFunctions">0</P>
  <P Name="NumRequiredFunctions">0</P>
  <P Name="NumResetEvents">0</P>
  <P Name="HasInitializeEvent">0</P>
  <P Name="HasTerminateEvent">0</P>
  <P Name="PreCompExecutionDomainType">Unset</P>
  <P Name="IsExportFunctionModel">0</P>
  <P Name="NumParameterArguments">0</P>
  <P Name="NumExternalFileReferences">2</P>
  <ExternalFileReference>
    <P Name="Reference">aerolibatmos2/COESA Atmosphere Model</P>
    <P Name="Path">$bdroot/Simulation/Balloon Dynamics/COESA Atmosphere Model</P>
    <P Name="SID">83</P>
    <P Name="Type">LIBRARY_BLOCK</P>
  </ExternalFileReference>
  <ExternalFileReference>
    <P Name="Reference">simulink/Discontinuities/Saturation
Dynamic</P>
    <P Name="Path">$bdroot/Simulation/Balloon Dynamics/Saturation Dynamic</P>
    <P Name="SID">85</P>
    <P Name="Type">LIBRARY_BLOCK</P>
  </ExternalFileReference>
  <P Name="OrderedModelArguments">1</P>
</GraphicalInterface>
