<?xml version="1.0" encoding="UTF-8"?>
<sltp_graph version="1.1" packageUris="http://schema.mathworks.com/mf0/sltp_mm/R2018b_201805251631">
  <sltp.mm.core.Context type="sltp.mm.core.Context" uuid="46f3282f-8171-4b22-9f4f-094f8be0095e">
    <priorityDirection>HighNumberLast</priorityDirection>
    <tasks type="sltp.mm.core.Task" uuid="c219b918-54a8-49b9-866a-a4bbe3d9fe85"/>
    <tasks type="sltp.mm.core.Task" uuid="9b1105dd-4eaa-4009-96cc-7fb1a596f719"/>
    <rootTask type="sltp.mm.core.Task" uuid="c219b918-54a8-49b9-866a-a4bbe3d9fe85">
      <context type="sltp.mm.core.Context" uuid="46f3282f-8171-4b22-9f4f-094f8be0095e"/>
      <explicit>false</explicit>
      <name>Default</name>
      <priority>-2147483648</priority>
      <subgraph type="sltp.mm.core.Graph" uuid="38ed2dff-47b4-4a5d-863c-70022c2ff187">
        <tasks type="sltp.mm.core.Task" uuid="9b1105dd-4eaa-4009-96cc-7fb1a596f719">
          <baseTask>true</baseTask>
          <context type="sltp.mm.core.Context" uuid="46f3282f-8171-4b22-9f4f-094f8be0095e"/>
          <explicit>false</explicit>
          <id>1</id>
          <name>Cont</name>
          <priority>40</priority>
          <rates type="sltp.mm.core.Rate" uuid="1e3b38d0-cc2c-4be7-8136-ea42b5a25e67">
            <color>255</color>
            <rateSpec type="sltp.mm.core.RateSpec">
              <period>0</period>
            </rateSpec>
            <sti>-1</sti>
          </rates>
        </tasks>
      </subgraph>
    </rootTask>
  </sltp.mm.core.Context>
</sltp_graph>