<?xml version="1.0" encoding="UTF-8"?>
<sltp_editor version="1.1" packageUris="http://schema.mathworks.com/mf0/DiagramEditor/19700101 http://schema.mathworks.com/mf0/SltpSyntax/R2018b_201805311549">
  <sltp.mm.syntax.Graph type="sltp.mm.syntax.Graph" uuid="e348ae49-3d4b-4412-a076-251760d2ea54">
    <children type="sltp.mm.syntax.Node" uuid="249a6db8-88db-4d60-949e-9b8f8b4b5234">
      <priority>40</priority>
      <rates type="sltp.mm.syntax.RateData">
        <color>#000000</color>
        <rate>0</rate>
      </rates>
      <title>Cont</title>
      <type>base</type>
      <diagramElement type="diagram.editor.model.Entity" uuid="e05e5944-bde8-45ee-b251-7192721ed300"/>
      <subgraph type="sltp.mm.syntax.Graph" uuid="e03e176b-f05d-49b0-9e75-c7b60ef57600">
        <title>Cont</title>
        <diagramElement type="diagram.editor.model.Diagram" uuid="67bdf721-5ae8-458c-baa5-e677c3a92a9b"/>
      </subgraph>
    </children>
    <title>Default</title>
    <diagramElement type="diagram.editor.model.Diagram" uuid="0975a05a-978a-43e5-8c9b-d5e36f5755cd"/>
  </sltp.mm.syntax.Graph>
  <diagram.editor.model.Diagram type="diagram.editor.model.Diagram" uuid="0975a05a-978a-43e5-8c9b-d5e36f5755cd">
    <entities type="diagram.editor.model.Entity" uuid="e05e5944-bde8-45ee-b251-7192721ed300">
      <position type="diagram.editor.model.Point"/>
      <size type="diagram.editor.model.Rect">
        <height>100</height>
        <width>100</width>
      </size>
      <syntaxElement type="sltp.mm.syntax.Node" uuid="249a6db8-88db-4d60-949e-9b8f8b4b5234"/>
      <title>Cont</title>
      <type>base</type>
      <subDiagram type="diagram.editor.model.Diagram" uuid="67bdf721-5ae8-458c-baa5-e677c3a92a9b">
        <position type="diagram.editor.model.Point"/>
        <size empty="true"/>
        <syntaxElement type="sltp.mm.syntax.Graph" uuid="e03e176b-f05d-49b0-9e75-c7b60ef57600"/>
        <title>Cont</title>
        <type>graph.Graph</type>
      </subDiagram>
    </entities>
    <position empty="true"/>
    <size empty="true"/>
    <syntaxElement type="sltp.mm.syntax.Graph" uuid="e348ae49-3d4b-4412-a076-251760d2ea54"/>
    <title>Default</title>
    <type>graph.Graph</type>
  </diagram.editor.model.Diagram>
</sltp_editor>